*h2_st,rb
h2_storage_saltcavern,b301
h2_storage_saltcavern,b302
h2_storage_saltcavern,b303
h2_storage_saltcavern,b305
h2_storage_saltcavern,b306
h2_storage_saltcavern,b314
h2_storage_saltcavern,b324
h2_storage_saltcavern,b304
h2_storage_saltcavern,b307
h2_storage_saltcavern,b308
h2_storage_saltcavern,b309
h2_storage_saltcavern,b310
h2_storage_saltcavern,b311
h2_storage_saltcavern,b312
h2_storage_saltcavern,b313
h2_storage_saltcavern,b103
h2_storage_saltcavern,b114
h2_storage_saltcavern,b115
h2_storage_saltcavern,b116
h2_storage_saltcavern,b117
h2_storage_saltcavern,b118
h2_storage_saltcavern,b119
h2_storage_saltcavern,b121
h2_storage_saltcavern,b124
h2_storage_saltcavern,b113
h2_storage_saltcavern,b120
h2_storage_saltcavern,b123
h2_storage_saltcavern,b217
h2_storage_saltcavern,b218
h2_storage_saltcavern,b220
h2_storage_saltcavern,b221
h2_storage_saltcavern,b315
h2_storage_saltcavern,b316
h2_storage_saltcavern,b317
h2_storage_saltcavern,b318
h2_storage_saltcavern,b319
h2_storage_saltcavern,b320
h2_storage_saltcavern,b321
h2_storage_saltcavern,b322
h2_storage_saltcavern,b323
h2_storage_saltcavern,b325
h2_storage_hardrock,b122
h2_storage_saltcavern,b204
h2_storage_saltcavern,b213
h2_storage_saltcavern,b215
h2_storage_saltcavern,b216
h2_storage_saltcavern,b219
h2_storage_saltcavern,b222
h2_storage_saltcavern,b223
h2_storage_saltcavern,b107
h2_storage_saltcavern,b108
h2_storage_saltcavern,b201
h2_storage_saltcavern,b202
h2_storage_saltcavern,b203
h2_storage_saltcavern,b205
h2_storage_saltcavern,b206
h2_storage_saltcavern,b209
h2_storage_saltcavern,b210
h2_storage_saltcavern,b211
h2_storage_saltcavern,b212
h2_storage_saltcavern,b214
h2_storage_saltcavern,b224
h2_storage_saltcavern,b207
h2_storage_saltcavern,b208
h2_storage_saltcavern,b101
h2_storage_saltcavern,b104
h2_storage_saltcavern,b105
h2_storage_saltcavern,b106
h2_storage_saltcavern,b109
h2_storage_saltcavern,b110
h2_storage_saltcavern,b111
h2_storage_saltcavern,b112
h2_storage_saltcavern,b102
